target,parent_id,mutation,ddg_xint_iface,ddg_bind_proxy,n_iface_contacts_8a,n_neighbors_10a,mpnn_neg_llr_complex,mpnn_ddg_bind,struct_composite,rankscore_pepddg_zs
3EQY,3EQY_A_C,TC1A,0.23571265158929577,0.6691817354589418,95.0,9.0,0.009914636611938477,-0.6517441272735596,-1.6413143034668,0.3
3EQY,3EQY_A_C,SC2A,0.1346445121229749,0.37949355318389877,118.0,11.0,3.741618573665619,0.11265462636947632,-1.1317458028774137,0.5
3EQY,3EQY_A_C,FC3A,9.610895911557506,8.98423795677725,609.0,23.0,0.9332625865936279,1.5148742198944092,3.6584095233580882,0.9
3EQY,3EQY_A_C,EC5A,-0.10501956076002728,0.49987328009909504,21.0,10.0,1.2491728067398071,-1.0683091282844543,-1.8062174174519372,0.2
3EQY,3EQY_A_C,YC6A,7.275880784073223,7.129760406678628,376.0,19.0,2.7179964780807495,2.6546202898025513,1.7213598073216745,0.8
3EQY,3EQY_A_C,WC7A,13.573444348924816,15.328607384218508,568.0,20.0,4.96614782512188,6.804718181490898,2.862150715540454,1.0
3EQY,3EQY_A_C,NC8A,0.11668673524033579,-0.33533227156862466,21.0,12.0,-2.2653103470802307,-0.09505826234817505,-1.409547272165897,0.0
3EQY,3EQY_A_C,LC9A,0.47776547587159257,0.40157516590232234,40.0,11.0,1.0051639080047607,0.3069934844970703,-1.514618486080066,0.4
3EQY,3EQY_A_C,LC10A,5.171216950909027,4.71757930339362,238.0,19.0,4.781845182180405,3.3800394237041473,1.0439696755015975,0.7
3EQY,3EQY_A_C,SC11A,0.1666952048426822,-0.5667262740492234,77.0,7.0,0.871751070022583,0.8955581188201904,-2.1263396833380677,0.1
3EQY,3EQY_A_C,PC12A,2.805716895889816,2.918741419367585,257.0,15.0,3.7469639778137207,0.4748399257659912,0.34389324365836793,0.6
