target,parent_id,mutation,ddg_xint_iface,ddg_bind_proxy,n_iface_contacts_8a,n_neighbors_10a,mpnn_neg_llr_complex,mpnn_ddg_bind
3EQS,3EQS_A_B,TB1A,0.3013230606582624,0.6647960481467905,101,9,-0.46099042892456055,0.11934900283813477
3EQS,3EQS_A_B,SB2A,-1.8345107128869529,5.184832770525837,111,11,4.1581984758377075,0.39808809757232666
3EQS,3EQS_A_B,FB3A,8.884137522582392,7.87259765591773,591,23,4.942873433232307,5.424866631627083
3EQS,3EQS_A_B,EB5A,-1.1354962970995643,5.694161970839872,20,10,2.0677707195281982,-0.11239027976989746
3EQS,3EQS_A_B,YB6A,6.318562368854288,6.835854876537759,405,19,2.9470882415771484,3.046091079711914
3EQS,3EQS_A_B,WB7A,13.205844341613968,15.227061794412641,647,21,5.725736893713474,7.027127541601658
3EQS,3EQS_A_B,NB8A,1.4196536053555207,0.7360496419439571,76,12,-0.7743626832962036,0.2951005697250366
3EQS,3EQS_A_B,LB9A,0.5542959965286656,0.5719926978552508,86,12,1.531029224395752,0.5194816589355469
3EQS,3EQS_A_B,LB10A,8.44693020858449,7.002040302969611,335,20,4.763749569654465,3.152273267507553
3EQS,3EQS_A_B,SB11A,1.3945657440286112,-0.5046392851468866,155,10,0.9150420427322388,-0.1778637170791626
