observation_id,target,parent_id,mutation,historical_mutation,official_csv_row,release_row,ddg_exp,legacy_paper_score,legacy_ddg_paired_xint_iface,legacy_ddg_paired_bind_proxy,legacy_n_iface_contacts_8a,legacy_n_neighbors_10a,legacy_mpnn_neg_llr_complex,legacy_mpnn_ddg_bind
1SMF:official_row:3125,1SMF,1SMF_E_I,EI8A,EB8A,3125,158,1.0190456892477844,0.23564954682779457,4.071210779547968,2.7832404335554912,435.0,14.0,-0.1153273582458496,-0.9383039474487304
1SMF:official_row:3126,1SMF,1SMF_E_I,SI4A,SB4A,3126,159,1.9116706701421022,0.5287009063444109,1.781785430839136,4.11886782954182,679.0,27.0,1.6241706609725952,-0.42591392993927
1SMF:official_row:3127,1SMF,1SMF_E_I,TI2A,TB2A,3127,160,2.058650306312693,0.9063444108761329,2.8564721179535155,7.23835404963819,706.0,28.0,5.503322601318359,1.9639387130737305
1SMF:official_row:3128,1SMF,1SMF_E_I,II5A,IB5A,3128,161,3.5330406040809614,0.9003021148036254,7.353180790760803,7.353388545110789,839.0,18.0,4.961247444152832,2.2388510704040527
1SMF:official_row:3129,1SMF,1SMF_E_I,KI3A,KB3A,3129,162,5.724086167012592,0.9577039274924471,13.384631816845683,14.46019087271143,1504.0,33.0,3.333092212677002,2.327704429626465
3EQS:official_row:6671,3EQS,3EQS_A_B,TB1A,TB1A,6671,246,0.39163123769801905,0.027190332326283987,0.9412767019969834,0.8167972263770835,209.0,9.0,0.0176763534545898,-0.3330867290496826
3EQS:official_row:6672,3EQS,3EQS_A_B,SB2A,SB2A,6672,247,1.2628188637126807,0.31722054380664655,1.2022692863797315,1.7596530943552366,239.0,13.0,4.155262470245361,0.4351236820220947
3EQS:official_row:6673,3EQS,3EQS_A_B,FB3A,FB3A,6673,248,5.555439008329725,0.8610271903323263,9.316625908932856,9.035889196382383,1283.0,21.0,1.4889334440231323,1.9980779886245728
3EQS:official_row:6674,3EQS,3EQS_A_B,EB5A,EB5A,6674,249,1.114009056552421,0.1299093655589124,-0.2944477836566648,6.725522366307132,65.0,12.0,1.8827943801879885,-0.2948002815246582
3EQS:official_row:6675,3EQS,3EQS_A_B,YB6A,YB6A,6675,250,3.10884396206468,0.879154078549849,6.268325350717632,12.14129284348676,817.0,17.0,2.904038906097412,3.0573570728302
3EQS:official_row:6676,3EQS,3EQS_A_B,WB7A,WB7A,6676,251,6.406672036434724,0.9879154078549849,14.176904366911508,15.167743620197491,1467.0,21.0,5.581476211547852,7.200481414794922
3EQS:official_row:6677,3EQS,3EQS_A_B,NB8A,NB8A,6677,252,-1.1111248521163304,0.030211480362537766,0.8873755833548813,0.5088110842568412,107.0,12.0,-1.3530921936035156,-0.0081321001052856
3EQS:official_row:6678,3EQS,3EQS_A_B,LB9A,LB9A,6678,253,-0.17034403483258323,0.20241691842900303,0.2106904768175468,5.534101858736591,194.0,10.0,1.911711573600769,0.8213566541671753
3EQS:official_row:6679,3EQS,3EQS_A_B,LB10A,LB10A,6679,254,3.332526963431207,0.8851963746223565,8.016368796615275,7.73450910343896,706.0,15.0,5.497778415679932,3.352271556854248
3EQS:official_row:6680,3EQS,3EQS_A_B,SB11A,SB11A,6680,255,0.11713776609497215,0.12386706948640483,-0.9149988620713287,5.097882700786556,334.0,11.0,0.740357518196106,-0.0557793378829956
3EQY:official_row:6682,3EQY,3EQY_A_C,TC1A,TB1A,6682,256,0.37453305261855996,0.015105740181268883,0.5657446867643756,1.2129007808795222,187.0,8.0,-0.327786922454834,-0.2475092411041259
3EQY:official_row:6683,3EQY,3EQY_A_C,SC2A,SB2A,6683,257,0.8709295628159812,0.23867069486404835,0.6094365660648009,1.8369514063851256,203.0,13.0,4.002469062805176,0.0991969108581543
3EQY:official_row:6684,3EQY,3EQY_A_C,FC3A,FB3A,6684,258,5.657871020882746,0.9123867069486404,9.959403331008154,10.087838706088178,1226.0,20.0,2.2448854446411133,3.028449296951294
3EQY:official_row:6685,3EQY,3EQY_A_C,EC5A,EB5A,6685,259,1.2225190048231025,0.03625377643504532,0.4207418361662434,1.942411471216332,52.0,11.0,1.4177252054214478,-0.709246039390564
3EQY:official_row:6686,3EQY,3EQY_A_C,YC6A,YB6A,6686,260,2.585939505597295,0.8126888217522659,7.626573783546277,8.31039877116384,727.0,15.0,2.802752017974853,2.9360814094543457
3EQY:official_row:6687,3EQY,3EQY_A_C,WC7A,WB7A,6687,261,6.04310083407164,0.9788519637462235,14.31993337091091,16.589503395319156,1381.0,19.0,5.060726165771484,6.991559982299805
3EQY:official_row:6688,3EQY,3EQY_A_C,NC8A,NB8A,6688,262,-0.7488010155519775,0.03927492447129909,0.7365906003507661,1.1906385700735882,85.0,14.0,-2.36484169960022,-0.2296452522277832
3EQY:official_row:6689,3EQY,3EQY_A_C,LC9A,LB9A,6689,263,0.03384498295339342,0.0634441087613293,0.5900219035405883,1.4660258674185087,102.0,10.0,0.8304760456085205,0.241140604019165
3EQY:official_row:6690,3EQY,3EQY_A_C,LC10A,LB10A,6690,264,2.323336063352966,0.770392749244713,4.952964188726639,5.232994188434901,550.0,15.0,5.013800144195557,3.013036727905273
3EQY:official_row:6691,3EQY,3EQY_A_C,SC11A,SB11A,6691,265,0.1526673191746151,0.06646525679758308,0.388586407102494,0.8535067782131733,232.0,10.0,1.3735065460205078,0.2264423370361328
3EQY:official_row:6692,3EQY,3EQY_A_C,PC12A,PB12A,6692,266,0.2954656432293718,0.5981873111782477,3.215249732743885,4.10218685990619,674.0,14.0,3.085541248321533,1.4027643203735352
5XCO:official_row:6878,5XCO,5XCO_A_B,PB6A,PB6A,6878,323,1.0784283713491414,0.7311178247734139,3.422428994187783,0.7639733482447042,585.0,22.0,4.693473815917969,2.476318359375
5XCO:official_row:6879,5XCO,5XCO_A_B,LB7A,LB7A,6879,324,2.746471285458112,0.8398791540785498,7.333276607527935,3.414790239103453,879.0,23.0,2.9253945350646973,2.38230299949646
5XCO:official_row:6880,5XCO,5XCO_A_B,YB8A,YB8A,6880,325,1.3634205007741924,0.7129909365558912,5.640510427475192,0.0427699333106517,836.0,23.0,3.640648365020752,1.2772305011749268
5XCO:official_row:6881,5XCO,5XCO_A_B,IB9A,IB9A,6881,326,2.7958437040327566,0.8429003021148036,6.170625935112454,1.718173419431665,697.0,23.0,3.821940660476685,3.0924322605133057
5XCO:official_row:6882,5XCO,5XCO_A_B,SB10A,SB10A,6882,327,1.2853027724225805,0.2809667673716012,-1.17831905525631,6.443093816331583,340.0,16.0,0.8501617908477783,1.3824336528778076
5XCO:official_row:6883,5XCO,5XCO_A_B,YB11A,YB11A,6883,328,1.8992893062216178,0.7552870090634441,12.120284968464034,9.76171665575204,915.0,13.0,0.9144282341003418,2.277429580688477
5XCO:official_row:6884,5XCO,5XCO_A_B,DB12A,DB12A,6884,329,2.7958437040327566,0.7643504531722054,0.9928478664432134,25.075496245628685,404.0,16.0,5.205907821655273,2.3614516258239746
5XCO:official_row:6885,5XCO,5XCO_A_B,PB13A,PB13A,6885,330,0.6347858723826875,0.1148036253776435,0.9834142999037568,0.3233732774747437,123.0,12.0,1.9567291736602783,0.2838778495788574
5XCO:official_row:6886,5XCO,5XCO_A_B,VB14A,VB14A,6886,331,0.0,0.3685800604229607,0.2287617862459967,9.126002633070511,177.0,18.0,1.5961487293243408,0.5229765176773071
